Price,Immat,KM,Power,modele,marque,annee,couleurexterieure,interieur,couleurexterieure,typedepeinture,couleuroriginale,versionpays,interieur,carrosserie,portes,sieges,cylindree,transmission
78000,01/1986,59995,271,328,ferrari,1986,jaune,cuirnoir,jaune,,,,cuirnoir,coupe,2,2,,boîtemanuelle
149000,10/1986,93000,390,testarossa,ferrari,1986,bleu,cuirautres,bleu,metallise,bluserametalizzato,,cuirautres,coupe,2,2,4.942cm³,boîtemanuelle
33900,01/1986,60000,271,mondial,ferrari,1986,rouge,cuirbeige,rouge,,,belgique,cuirbeige,cabriolet,2,4,3.200cm³,boîtemanuelle
35000,06/1986,145000,239,mondial,ferrari,1986,rouge,,rouge,,,,,cabriolet,2,,,
41000,08/1986,85000,271,mondial,ferrari,1986,gris,cuirnoir,gris,,,italie,cuirnoir,coupe,2,4,,boîtemanuelle
43000,03/1986,40918,271,mondial,ferrari,1986,argent,cuirbeige,argent,metallise,,,cuirbeige,coupe,2,4,3.186cm³,boîtemanuelle
43200,01/1986,63440,,mondial,ferrari,1986,rouge,,rouge,,rouge,,,coupe,,,,boîtemanuelle
43500,05/1986,58000,269,mondial,ferrari,1986,bleu,,bleu,metallise,,,,coupe,2,4,3.186cm³,boîtemanuelle
45000,07/1986,50700,269,mondial,ferrari,1986,argent,cuir,argent,metallise,,,cuir,cabriolet,2,2,3.185cm³,boîtemanuelle
48500,03/1986,80000,275,mondial,ferrari,1986,vert,,vert,,,,,,,,,
49250,07/1986,44050,271,mondial,ferrari,1986,rouge,cuirnoir,rouge,,,belgique,cuirnoir,cabriolet,2,4,3.185cm³,boîtemanuelle
49900,01/1986,52781,271,mondial,ferrari,1986,rouge,,rouge,,,france,,cabriolet,2,4,3.186cm³,boîtemanuelle
49900,10/1986,32000,271,mondial,ferrari,1986,bleu,cuirbeige,bleu,metallise,,,cuirbeige,coupe,2,4,3.200cm³,boîtemanuelle
64000,02/1986,106112,241,308,ferrari,1986,rouge,cuir,rouge,,rossoch.5995190salchi,,cuir,cabriolet,2,,2.927cm³,boîtemanuelle
64000,03/1986,65000,271,328,ferrari,1986,rouge,cuirbeige,rouge,metallise,,,cuirbeige,cabriolet,2,2,3.200cm³,boîtemanuelle
69900,10/1986,90000,269,328,ferrari,1986,rouge,cuirnoir,rouge,metallise,rojo,espagne,cuirnoir,coupe,2,2,3.185cm³,boîtemanuelle
69950,01/1986,74933,271,328,ferrari,1986,rouge,cuirbeige,rouge,,rood,,cuirbeige,cabriolet,2,,3.185cm³,boîtemanuelle
73900,05/1986,72000,271,328,ferrari,1986,rouge,cuirnoir,rouge,,rosso,finlande,cuirnoir,coupe,2,2,3.164cm³,boîtemanuelle
74000,04/1986,85000,286,328,ferrari,1986,rouge,,rouge,,,,,,,,,
74500,06/1986,45519,340,412,ferrari,1986,noir,cuirautres,noir,metallise,nerocarboniometallizzat,,cuirautres,coupe,2,,4.942cm³,boîteautomatique
79800,10/1987,41000,254,208,ferrari,1987,rouge,cuirblanc,rouge,,,italie,cuirblanc,cabriolet,2,2,,boîtemanuelle
79900,04/1987,68994,271,328,ferrari,1987,rouge,cuirnoir,rouge,,rossocorsa,,cuirnoir,coupe,2,,3.185cm³,boîtemanuelle
79900,01/1987,87912,269,328,ferrari,1987,rouge,,rouge,,,,,coupe,2,2,3.186cm³,boîtemanuelle
79900,02/1987,53000,269,328,ferrari,1987,rouge,,rouge,,,,,coupe,2,2,3.185cm³,boîtemanuelle
79900,02/1987,49800,271,328,ferrari,1987,rouge,cuirnoir,rouge,,,autriche,cuirnoir,coupe,2,2,3.186cm³,boîtemanuelle
82500,06/1987,85101,271,328,ferrari,1987,noir,cuirbeige,noir,,antraciet,,cuirbeige,cabriolet,2,,3.185cm³,boîtemanuelle
82900,03/1987,39820,256,328,ferrari,1987,rouge,,rouge,,,,,cabriolet,,,,
85000,01/1987,42000,254,208,ferrari,1987,rouge,,rouge,,,,,,,,,
85000,05/1987,64766,271,328,ferrari,1987,rouge,cuirbeige,rouge,,rood,,cuirbeige,coupe,2,,3.185cm³,boîtemanuelle
85900,01/1987,68000,269,328,ferrari,1987,rouge,cuirbeige,rouge,,,,cuirbeige,cabriolet,2,2,3.185cm³,boîtemanuelle
86000,07/1987,43200,269,328,ferrari,1987,rouge,,rouge,,,,,cabriolet,2,2,3.186cm³,boîtemanuelle
87000,10/1987,43000,254,208,ferrari,1987,rouge,cuirbeige,rouge,,rosso,italie,cuirbeige,coupe,2,2,1.990cm³,boîtemanuelle
88990,08/1987,44500,271,328,ferrari,1987,rouge,cuirnoir,rouge,,verni,france,cuirnoir,coupe,2,2,,boîtemanuelle
89000,04/1987,29209,253,208,ferrari,1987,rouge,cuirbeige,rouge,,,italie,cuirbeige,autres,,2,,boîtemanuelle
89000,03/1987,116000,271,328,ferrari,1987,rouge,cuirnoir,rouge,,,pays-bas,cuirnoir,cabriolet,2,2,3.200cm³,boîtemanuelle
89500,03/1987,32670,340,412,ferrari,1987,bleu,cuirbeige,bleu,metallise,bluserametallic(donker,etats-unis,cuirbeige,coupe,2,,4.943cm³,boîteautomatique
89900,05/1987,25000,271,328,ferrari,1987,rouge,cuirnoir,rouge,,,italie,cuirnoir,cabriolet,2,2,3.185cm³,boîtemanuelle
89900,07/1987,38581,254,308,ferrari,1987,rouge,cuirautres,rouge,,rossocorsa,,cuirautres,coupe,2,2,1.990cm³,boîtemanuelle
94500,05/1987,50600,390,testarossa,ferrari,1987,rouge,cuirnoir,rouge,,,,cuirnoir,coupe,2,2,,boîtemanuelle
94950,06/1987,34051,271,328,ferrari,1987,blanc,cuirrouge,blanc,,,pays-bas,cuirrouge,cabriolet,2,2,3.186cm³,boîtemanuelle
95000,02/1987,45000,254,208,ferrari,1987,rouge,cuirbeige,rouge,,,italie,cuirbeige,coupe,2,2,,boîtemanuelle
99000,05/1987,48737,271,328,ferrari,1987,blanc,cuirnoir,blanc,,bianco,suisse,cuirnoir,cabriolet,2,2,3.185cm³,boîtemanuelle
99250,06/1987,42000,390,testarossa,ferrari,1987,gris,cuirbeige,gris,metallise,grijs,pays-bas,cuirbeige,coupe,2,2,4.942cm³,boîtemanuelle
105000,04/1987,51000,272,328,ferrari,1987,rouge,beige,rouge,,,,beige,cabriolet,2,2,,
109990,07/1987,59000,390,testarossa,ferrari,1987,rouge,cuirnoir,rouge,,,belgique,cuirnoir,coupe,2,2,4.943cm³,boîtemanuelle
110000,04/1987,40122,269,328,ferrari,1987,rouge,cuirbeige,rouge,,,,cuirbeige,coupe,2,2,3.185cm³,boîtemanuelle
110000,07/1987,57000,271,328,ferrari,1987,rouge,,rouge,,,,,berline,,,,
116000,07/1987,60000,390,testarossa,ferrari,1987,blanc,cuirbleu,blanc,,,,cuirbleu,coupe,2,,,
118000,04/1987,38500,390,testarossa,ferrari,1987,rouge,,rouge,,,italie,,coupe,2,2,4.942cm³,boîtemanuelle
118000,04/1987,29800,390,testarossa,ferrari,1987,rouge,,rouge,,,italie,,coupe,2,2,4.942cm³,boîtemanuelle
125000,01/1987,65000,390,testarossa,ferrari,1987,blanc,,blanc,,,,,,,,,
125000,05/1987,25000,390,testarossa,ferrari,1987,rouge,cuirnoir,rouge,,,,cuirnoir,coupe,2,,,boîtemanuelle
132100,01/1987,19330,,testarossa,ferrari,1987,noir,,noir,,noir,,,coupe,,,,boîtemanuelle
135000,04/1987,54000,390,testarossa,ferrari,1987,rouge,cuirrouge,rouge,uni,rosso,,cuirrouge,coupe,2,2,4.942cm³,boîtemanuelle
139500,12/1987,81314,271,328,ferrari,1987,rouge,cuirbeige,rouge,,rosso-corsa322,autriche,cuirbeige,cabriolet,2,2,3.185cm³,boîtemanuelle
180000,11/1987,34228,390,testarossa,ferrari,1987,jaune,cuirnoir,jaune,,,,cuirnoir,coupe,2,2,5.000cm³,boîtemanuelle
75000,11/1988,35000,254,208,ferrari,1988,rouge,cuirbeige,rouge,,,italie,cuirbeige,cabriolet,3,2,1.991cm³,boîtemanuelle
75000,02/1988,78529,254,208,ferrari,1988,rouge,cuirnoir,rouge,,,,cuirnoir,,2,2,1.990cm³,boîtemanuelle
78000,06/1988,65000,271,328,ferrari,1988,rouge,cuirnoir,rouge,,,,cuirnoir,coupe,2,2,,
78900,07/1988,45000,254,208,ferrari,1988,rouge,cuir,rouge,,,,cuir,coupe,,,,
79000,07/1988,48500,254,208,ferrari,1988,rouge,cuirblanc,rouge,metallise,,,cuirblanc,cabriolet,2,2,,boîtemanuelle
79000,01/1988,21000,252,208,ferrari,1988,gris,,gris,,,,,,,,,
79000,10/1988,46590,254,208,ferrari,1988,rouge,,rouge,,,,,,,,,
79000,06/1988,74851,254,208,ferrari,1988,rouge,cuirpartielbeige,rouge,,rossocorsa,italie,cuirpartielbeige,cabriolet,2,2,1.990cm³,boîtemanuelle
79900,08/1988,87188,269,328,ferrari,1988,noir,cuirnoir,noir,metallise,,,cuirnoir,coupe,2,2,3.186cm³,boîtemanuelle
80000,01/1988,62500,253,208,ferrari,1988,rouge,,rouge,,,,,,,,,
80000,05/1988,78000,269,328,ferrari,1988,rouge,,rouge,,,,,coupe,2,2,3.185cm³,boîtemanuelle
82000,04/1988,27900,271,328,ferrari,1988,rouge,cuirnoir,rouge,,,autriche,cuirnoir,autres,2,2,3.186cm³,boîtemanuelle
84000,06/1988,63500,340,412,ferrari,1988,argent,cuirnoir,argent,metallise,,,cuirnoir,coupe,2,4,4.943cm³,boîtemanuelle
84950,01/1988,43577,271,328,ferrari,1988,rouge,cuirbeige,rouge,,,,cuirbeige,cabriolet,2,2,3.186cm³,boîtemanuelle
85000,10/1988,55000,271,328,ferrari,1988,rouge,,rouge,,,,,,,,,
86990,02/1988,53000,271,328,ferrari,1988,jaune,,jaune,,jaune,,,autres,2,2,,boîtemanuelle
89000,01/1988,43484,271,328,ferrari,1988,noir,cuirnoir,noir,,nero,,cuirnoir,coupe,2,2,3.164cm³,boîtemanuelle
89000,04/1988,78000,390,testarossa,ferrari,1988,jaune,,jaune,,,,,,,,,
89900,03/1988,22527,256,328,ferrari,1988,rouge,cuirnoir,rouge,,,suisse,cuirnoir,cabriolet,2,,3.184cm³,boîtemanuelle
89900,02/1988,14800,268,308,ferrari,1988,rouge,cuirnoir,rouge,,rosso,,cuirnoir,coupe,2,2,1.990cm³,boîtemanuelle
90000,03/1988,40800,271,328,ferrari,1988,rouge,cuirnoir,rouge,,,,cuirnoir,cabriolet,2,2,3.186cm³,boîtemanuelle
90000,03/1988,41000,379,testarossa,ferrari,1988,rouge,cuirnoir,rouge,metallise,,france,cuirnoir,coupe,2,2,4.943cm³,boîtemanuelle
90000,08/1988,44500,269,328,ferrari,1988,rouge,cuirnoir,rouge,,,espagne,cuirnoir,coupe,2,2,3.185cm³,boîtemanuelle
91000,04/1988,46000,254,208,ferrari,1988,rouge,cuirnoir,rouge,,rossocorsa,italie,cuirnoir,cabriolet,2,2,1.991cm³,boîtemanuelle
91500,01/1988,84138,,412,ferrari,1988,argent,cuirbeige,argent,,zilver,,cuirbeige,coupe,2,,,boîtemanuelle
92000,01/1988,88000,269,328,ferrari,1988,gris,,gris,uni,antracite,,,cabriolet,2,2,3.185cm³,boîtemanuelle
95000,06/1988,62931,269,328,ferrari,1988,rouge,,rouge,uni,rosso,,,cabriolet,2,2,3.185cm³,boîtemanuelle
95000,11/1988,30000,254,,ferrari,1988,noir,noir,noir,,,italie,noir,cabriolet,,,,
95328,10/1988,28000,271,328,ferrari,1988,rouge,cuirnoir,rouge,,,allemagne,cuirnoir,cabriolet,2,2,3.185cm³,boîtemanuelle
96500,02/1988,39200,390,testarossa,ferrari,1988,rouge,beige,rouge,metallise,rood,,beige,coupe,2,2,4.943cm³,boîtemanuelle
98000,08/1988,84000,269,328,ferrari,1988,rouge,cuirnoir,rouge,,rossocorsa,,cuirnoir,cabriolet,2,2,3.186cm³,boîtemanuelle
99000,04/1988,58000,269,328,ferrari,1988,rouge,cuirnoir,rouge,,,,cuirnoir,cabriolet,2,2,3.186cm³,boîtemanuelle
99000,06/1988,1000,650,,ferrari,1988,bleu,alcantara,bleu,,,italie,alcantara,autres,,,3.000cm³,semi-automatique
99990,01/1988,53000,340,412,ferrari,1988,argent,cuirnoir,argent,metallise,,,cuirnoir,berline,2,5,4.942cm³,boîteautomatique
99990,07/1988,14600,269,328,ferrari,1988,rouge,cuirnoir,rouge,,,,cuirnoir,cabriolet,2,2,3.186cm³,boîtemanuelle
100000,02/1988,36000,368,328,ferrari,1988,rouge,cuirnoir,rouge,,,,cuirnoir,coupe,2,2,,boîtemanuelle
102000,01/1988,23840,,328,ferrari,1988,rouge,,rouge,,rouge,,,coupe,,,,boîtemanuelle
110000,12/1988,67800,,testarossa,ferrari,1988,,,,,rosso,,,coupe,2,,4.942cm³,boîtemanuelle
115000,03/1988,38129,390,testarossa,ferrari,1988,rouge,noir,rouge,,,,noir,coupe,2,2,,boîtemanuelle
119000,03/1988,33274,390,testarossa,ferrari,1988,rouge,,rouge,,,,,coupe,2,,4.943cm³,boîtemanuelle
120000,06/1988,19000,390,testarossa,ferrari,1988,noir,cuirpartielbeige,noir,,,italie,cuirpartielbeige,coupe,2,2,4.942cm³,boîtemanuelle
127900,07/1988,15000,271,328,ferrari,1988,rouge,cuirbeige,rouge,,rosso,allemagne,cuirbeige,cabriolet,2,2,3.164cm³,boîtemanuelle
73000,06/1989,65500,271,328,ferrari,1989,rouge,cuirnoir,rouge,,,,cuirnoir,cabriolet,,,,
75000,07/1989,56036,254,208,ferrari,1989,rouge,cuirnoir,rouge,,rossocorsa,italie,cuirnoir,coupe,2,2,1.990cm³,boîtemanuelle
79000,03/1989,42751,254,208,ferrari,1989,rouge,cuirnoir,rouge,,,italie,cuirnoir,cabriolet,3,2,1.991cm³,boîtemanuelle
79890,07/1989,41800,271,328,ferrari,1989,blanc,cuirnoir,blanc,,,,cuirnoir,coupe,2,2,3.185cm³,boîtemanuelle
79900,01/1989,88000,254,208,ferrari,1989,noir,cuirbeige,noir,,schwarz,,cuirbeige,coupe,2,2,1.990cm³,boîtemanuelle
79900,10/1989,18000,299,348,ferrari,1989,rouge,cuirnoir,rouge,metallise,,,cuirnoir,coupe,2,4,3.405cm³,boîtemanuelle
79999,06/1989,88800,390,testarossa,ferrari,1989,rouge,cuirnoir,rouge,,rossocorsa,,cuirnoir,coupe,2,2,5.000cm³,boîtemanuelle
79999,06/1989,88800,390,testarossa,ferrari,1989,rouge,cuirnoir,rouge,,rossocorsa,belgique,cuirnoir,coupe,2,2,5.000cm³,boîtemanuelle
89000,01/1989,84000,271,328,ferrari,1989,rouge,,rouge,,,,,cabriolet,,,,
89000,02/1989,70337,271,328,ferrari,1989,rouge,cuirnoir,rouge,,rosso,,cuirnoir,cabriolet,2,2,3.164cm³,boîtemanuelle
89900,07/1989,88000,271,328,ferrari,1989,rouge,cuirbeige,rouge,,rosso,autriche,cuirbeige,cabriolet,2,2,3.186cm³,boîtemanuelle
89990,04/1989,26842,271,328,ferrari,1989,argent,cuirnoir,argent,metallise,,belgique,cuirnoir,coupe,2,2,3.200cm³,boîtemanuelle
90000,01/1989,21000,271,328,ferrari,1989,rouge,cuirnoir,rouge,,,,cuirnoir,coupe,2,2,3.186cm³,boîtemanuelle
92990,01/1989,27901,254,328,ferrari,1989,rouge,cuirnoir,rouge,,rosso,italie,cuirnoir,coupe,2,2,1.991cm³,boîtemanuelle
95700,03/1989,9800,390,testarossa,ferrari,1989,rouge,cuirnoir,rouge,,rossoferrari,,cuirnoir,coupe,3,2,4.943cm³,boîtemanuelle
105000,07/1989,35300,271,328,ferrari,1989,rouge,cuirnoir,rouge,,,,cuirnoir,coupe,2,2,3.200cm³,boîtemanuelle
106000,01/1989,35000,390,testarossa,ferrari,1989,rouge,cuirnoir,rouge,,rossacorsa,italie,cuirnoir,coupe,,,,boîtemanuelle
109000,12/1989,40000,269,328,ferrari,1989,rouge,,rouge,,,,,coupe,2,2,3.185cm³,boîtemanuelle
109500,03/1989,60591,389,testarossa,ferrari,1989,rouge,cuirnoir,rouge,metallise,rosso,,cuirnoir,coupe,2,2,4.942cm³,boîtemanuelle
110000,07/1989,44000,390,testarossa,ferrari,1989,rouge,cuirnoir,rouge,,,italie,cuirnoir,coupe,2,2,4.943cm³,boîtemanuelle
54990,01/1990,67250,300,348,ferrari,1990,blanc,,blanc,,blanco,,,coupe,2,2,3.405cm³,boîtemanuelle
65900,12/1990,15830,299,348,ferrari,1990,rouge,cuirbeige,rouge,,,,cuirbeige,coupe,2,2,3.405cm³,boîtemanuelle
70000,02/1990,45552,269,mondial,ferrari,1990,jaune,cuirjaune,jaune,metallise,,france,cuirjaune,cabriolet,2,4,3.186cm³,boîtemanuelle
142700,01/1990,29832,,testarossa,ferrari,1990,rouge,,rouge,,rouge,,,coupe,,,,boîtemanuelle
69500,09/1990,47000,300,348,ferrari,1990,argent,cuirautres,argent,metallise,argento,,cuirautres,coupe,2,2,3.405cm³,boîtemanuelle
99900,05/1990,32000,389,testarossa,ferrari,1990,noir,beige,noir,metallise,,france,beige,coupe,2,2,4.942cm³,boîtemanuelle
40000,01/1990,39000,300,mondial,ferrari,1990,rouge,cuirnoir,rouge,,,royaume-uni,cuirnoir,coupe,2,4,3.405cm³,boîtemanuelle
45000,11/1990,193000,300,348,ferrari,1990,rouge,,rouge,,,,,,,,,
46700,01/1990,52300,300,mondial,ferrari,1990,rouge,cuirbeige,rouge,,,italie,cuirbeige,coupe,2,4,3.405cm³,boîtemanuelle
46999,03/1990,41000,299,mondial,ferrari,1990,rouge,cuirnoir,rouge,,rossocorsa,france,cuirnoir,cabriolet,2,4,3.405cm³,boîtemanuelle
47000,01/1990,90000,258,348,ferrari,1990,rouge,,rouge,,,,,,,,,
47000,06/1990,50000,300,mondial,ferrari,1990,rouge,,rouge,,,,,coupe,2,4,3.405cm³,boîtemanuelle
47900,07/1990,86227,295,mondial,ferrari,1990,rouge,cuirnoir,rouge,uni,rosso,,cuirnoir,coupe,2,4,3.405cm³,boîtemanuelle
47900,12/1990,86636,300,mondial,ferrari,1990,rouge,cuirnoir,rouge,,,italie,cuirnoir,coupe,3,4,3.405cm³,boîtemanuelle
49500,04/1990,29150,300,mondial,ferrari,1990,bleu,cuirnoir,bleu,metallise,blusera106a18,italie,cuirnoir,coupe,2,4,3.405cm³,boîtemanuelle
49500,03/1990,60000,302,348,ferrari,1990,argent,cuirnoir,argent,,,,cuirnoir,coupe,2,2,,
49900,03/1990,48000,300,mondial,ferrari,1990,rouge,cuirnoir,rouge,metallise,,belgique,cuirnoir,cabriolet,2,4,3.405cm³,boîtemanuelle
49950,07/1990,45232,300,mondial,ferrari,1990,rouge,cuirnoir,rouge,,rossocorsa,belgique,cuirnoir,cabriolet,2,4,3.405cm³,boîtemanuelle
49990,05/1990,65000,269,mondial,ferrari,1990,jaune,cuirnoir,jaune,,,,cuirnoir,cabriolet,2,4,3.186cm³,boîtemanuelle
49999,03/1990,55907,300,348,ferrari,1990,rouge,cuirnoir,rouge,,rood,,cuirnoir,coupe,2,,3.405cm³,boîtemanuelle
50000,01/1990,39800,295,mondial,ferrari,1990,rouge,,rouge,,,,,coupe,2,4,3.405cm³,boîtemanuelle
52000,05/1990,49500,296,348,ferrari,1990,rouge,cuirnoir,rouge,,,,cuirnoir,coupe,2,2,3.400cm³,boîtemanuelle
53500,07/1990,57200,299,mondial,ferrari,1990,blanc,cuirautres,blanc,,biancofer100,suisse,cuirautres,cabriolet,,4,3.400cm³,boîtemanuelle
55500,06/1990,79800,295,mondial,ferrari,1990,argent,cuirbleu,argent,metallise,,italie,cuirbleu,cabriolet,2,4,3.405cm³,boîtemanuelle
55900,05/1990,15200,,mondial,ferrari,1990,rouge,,rouge,,rouge,,,,2,,3.400cm³,boîtemanuelle
55900,01/1990,81000,295,348,ferrari,1990,rouge,,rouge,,,,,coupe,2,2,3.405cm³,boîtemanuelle
56500,01/1990,89500,302,348,ferrari,1990,rouge,cuirnoir,rouge,,,pays-bas,cuirnoir,coupe,2,2,3.405cm³,boîtemanuelle
57000,01/1990,19000,295,348,ferrari,1990,rouge,cuirrouge,rouge,metallise,,italie,cuirrouge,coupe,2,2,3.405cm³,boîtemanuelle
59500,03/1990,42500,224,308,ferrari,1990,rouge,,rouge,,,,,coupe,,,3.000cm³,boîtemanuelle
59500,01/1990,44000,295,348,ferrari,1990,bleu,cuirbeige,bleu,metallise,,,cuirbeige,cabriolet,2,2,3.405cm³,boîtemanuelle
59890,04/1990,40500,295,348,ferrari,1990,rouge,cuirnoir,rouge,,rossocorsa,allemagne,cuirnoir,coupe,2,2,3.405cm³,boîtemanuelle
59995,07/1990,74042,300,348,ferrari,1990,rouge,cuir,rouge,,rood,,cuir,coupe,2,,3.405cm³,boîtemanuelle
59999,01/1990,50023,300,348,ferrari,1990,rouge,,rouge,,,,,coupe,2,2,3.405cm³,boîtemanuelle
61900,06/1990,43000,295,348,ferrari,1990,rouge,,rouge,,,,,coupe,,,3.405cm³,boîtemanuelle
64900,05/1990,26620,295,348,ferrari,1990,rouge,,rouge,,,,,coupe,2,2,3.405cm³,boîtemanuelle
65000,02/1990,27000,300,348,ferrari,1990,rouge,,rouge,,,,,,,,,
65000,01/1990,44000,295,348,ferrari,1990,rouge,cuirbeige,rouge,,,,cuirbeige,cabriolet,2,2,3.405cm³,boîtemanuelle
65000,04/1990,35000,295,348,ferrari,1990,rouge,,rouge,,,,,coupe,2,2,3.405cm³,boîtemanuelle
65000,01/1990,84562,300,348,ferrari,1990,rouge,cuirnoir,rouge,,rossocorsa,italie,cuirnoir,coupe,2,2,3.405cm³,boîtemanuelle
65000,03/1990,41485,300,mondial,ferrari,1990,rouge,cuirnoir,rouge,,,italie,cuirnoir,cabriolet,2,4,3.405cm³,boîtemanuelle
65000,01/1990,65000,300,mondial,ferrari,1990,rouge,cuirnoir,rouge,,,italie,cuirnoir,cabriolet,2,4,3.405cm³,boîtemanuelle
65900,12/1990,15830,299,348,ferrari,1990,rouge,cuirbeige,rouge,,,,cuirbeige,coupe,2,2,3.405cm³,boîtemanuelle
66000,04/1990,37000,295,348,ferrari,1990,rouge,,rouge,,,,,coupe,2,2,3.405cm³,boîtemanuelle
69900,08/1990,55030,,348,ferrari,1990,jaune,,jaune,,jaune,,,,,,,
69990,08/1990,21500,299,348,ferrari,1990,rouge,cuirnoir,rouge,metallise,,france,cuirnoir,coupe,2,4,3.405cm³,boîtemanuelle
70000,01/1990,65000,295,mondial,ferrari,1990,rouge,,rouge,,,,,cabriolet,2,4,3.405cm³,boîtemanuelle
70200,01/1990,28981,,mondial,ferrari,1990,,,,,autre,,,coupe,,,,boîtemanuelle
75000,03/1990,49000,300,348,ferrari,1990,noir,cuirbeige,noir,,,etats-unis,cuirbeige,cabriolet,2,2,,boîtemanuelle
84000,03/1990,22818,254,208,ferrari,1990,rouge,cuirnoir,rouge,,,italie,cuirnoir,cabriolet,2,2,1.990cm³,boîtemanuelle
84900,08/1990,133229,390,testarossa,ferrari,1990,rouge,noir,rouge,,rossomisano,italie,noir,coupe,2,2,4.942cm³,boîtemanuelle
88900,01/1990,22500,300,348,ferrari,1990,rouge,cuirnoir,rouge,,,,cuirnoir,coupe,2,2,3.405cm³,boîtemanuelle
89000,02/1990,41500,390,testarossa,ferrari,1990,rouge,cuirnoir,rouge,,rossocorsa,,cuirnoir,coupe,2,2,4.942cm³,boîtemanuelle
89800,05/1990,48400,390,testarossa,ferrari,1990,jaune,cuirnoir,jaune,,giallo,,cuirnoir,coupe,2,2,4.943cm³,boîtemanuelle
97500,01/1990,65000,390,testarossa,ferrari,1990,rouge,,rouge,,,,,coupe,,,,
97500,05/1990,32090,389,testarossa,ferrari,1990,noir,cuirbeige,noir,metallise,,,cuirbeige,coupe,2,2,4.942cm³,boîtemanuelle
99000,06/1990,27500,390,testarossa,ferrari,1990,rouge,cuirnoir,rouge,,rossocorsa,,cuirnoir,coupe,,,4.943cm³,boîtemanuelle
99900,07/1990,42348,390,testarossa,ferrari,1990,rouge,cuirnoir,rouge,,rossoferrari,,cuirnoir,coupe,2,2,4.942cm³,boîtemanuelle
100000,07/1990,48122,390,testarossa,ferrari,1990,noir,alcantarabeige,noir,metallise,,,alcantarabeige,coupe,2,2,4.942cm³,boîtemanuelle
110000,01/1990,38607,390,testarossa,ferrari,1990,jaune,cuirnoir,jaune,,,,cuirnoir,coupe,2,2,4.943cm³,boîtemanuelle
110110,05/1990,18789,379,testarossa,ferrari,1990,rouge,cuirrouge,rouge,metallise,,,cuirrouge,coupe,2,2,4.941cm³,boîtemanuelle
115000,11/1990,22000,390,testarossa,ferrari,1990,rouge,,rouge,metallise,,,,coupe,2,2,4.942cm³,boîtemanuelle
119500,01/1990,58733,,testarossa,ferrari,1990,rouge,cuirbeige,rouge,,rood,,cuirbeige,coupe,2,,,boîtemanuelle
119990,01/1990,19600,389,testarossa,ferrari,1990,rouge,beige,rouge,,,,beige,coupe,2,2,4.942cm³,boîtemanuelle
125000,04/1990,43416,271,328,ferrari,1990,jaune,cuirnoir,jaune,,,italie,cuirnoir,coupe,2,2,3.185cm³,boîtemanuelle
131890,10/1990,13100,390,testarossa,ferrari,1990,rouge,cuirbeige,rouge,metallise,rood,,cuirbeige,coupe,2,,4.942cm³,boîtemanuelle
153000,06/1990,43677,370,testarossa,ferrari,1990,rouge,,rouge,,,,,coupe,,,4.909cm³,boîtemanuelle
199000,11/1990,17300,363,testarossa,ferrari,1990,rouge,cuirnoir,rouge,,,belgique,cuirnoir,coupe,2,2,4.942cm³,boîtemanuelle
1199000,02/1990,38900,479,f40,ferrari,1990,rouge,autres,rouge,,rossocorsa,,autres,coupe,,2,2.936cm³,boîtemanuelle
1250000,02/1990,28000,476,f40,ferrari,1990,rouge,tissurouge,rouge,,rossocorsa,italie,tissurouge,coupe,2,2,2.936cm³,boîtemanuelle
1390000,07/1990,12350,477,f40,ferrari,1990,rouge,cuirrouge,rouge,,rossocorsa,,cuirrouge,coupe,2,2,2.936cm³,boîtemanuelle
1395000,02/1990,16000,477,f40,ferrari,1990,rouge,tissuautres,rouge,,rot,,tissuautres,coupe,2,2,2.936cm³,boîtemanuelle
64990,09/1991,48200,300,348,ferrari,1991,jaune,,jaune,,,,,cabriolet,,,,
65000,03/1991,83000,295,348,ferrari,1991,rouge,cuirnoir,rouge,,,italie,cuirnoir,coupe,2,2,3.405cm³,boîtemanuelle
65000,10/1991,30000,295,348,ferrari,1991,rouge,,rouge,,,,,autres,2,2,3.405cm³,boîtemanuelle
100000,02/1991,58000,390,testarossa,ferrari,1991,rouge,,rouge,metallise,,,,coupe,2,2,4.942cm³,boîtemanuelle
105000,01/1991,60000,390,testarossa,ferrari,1991,rouge,,rouge,,,,,coupe,2,2,4.942cm³,boîtemanuelle
109390,07/1991,53500,390,testarossa,ferrari,1991,brun,,brun,,prugna,,,coupe,2,2,4.942cm³,boîtemanuelle
109990,04/1991,40000,489,testarossa,ferrari,1991,noir,tissu,noir,,nero,,tissu,coupe,2,2,4.900cm³,boîtemanuelle
115000,07/1991,13000,390,testarossa,ferrari,1991,rouge,,rouge,metallise,,,,coupe,2,2,4.942cm³,boîtemanuelle
115000,09/1991,41900,389,testarossa,ferrari,1991,rouge,,rouge,,,,,coupe,2,2,4.942cm³,boîtemanuelle
118000,05/1991,55000,390,testarossa,ferrari,1991,noir,cuirbeige,noir,,,italie,cuirbeige,coupe,3,2,4.942cm³,boîtemanuelle
118500,02/1991,68700,390,testarossa,ferrari,1991,rouge,cuirnoir,rouge,,rossocorsa,,cuirnoir,coupe,2,,4.909cm³,boîtemanuelle
119000,01/1991,15900,390,testarossa,ferrari,1991,rouge,cuirbeige,rouge,,,italie,cuirbeige,coupe,3,2,4.942cm³,boîtemanuelle
119000,04/1991,35300,390,testarossa,ferrari,1991,rouge,,rouge,,,,,coupe,2,,,
119000,03/1991,15500,390,testarossa,ferrari,1991,rouge,cuirnoir,rouge,,,italie,cuirnoir,coupe,3,2,4.942cm³,boîtemanuelle
119500,05/1991,38289,390,testarossa,ferrari,1991,rouge,cuir,rouge,,rot,,cuir,coupe,2,2,4.943cm³,boîtemanuelle
119900,03/1991,71263,390,testarossa,ferrari,1991,rouge,cuirnoir,rouge,,rossocorso-rot,,cuirnoir,coupe,2,2,4.943cm³,boîtemanuelle
124000,04/1991,7490,,testarossa,ferrari,1991,rouge,,rouge,,rouge,,,,,,,
124000,10/1991,74000,390,testarossa,ferrari,1991,rouge,cuirnoir,rouge,,,,cuirnoir,coupe,2,2,4.942cm³,boîtemanuelle
125000,04/1991,10000,390,testarossa,ferrari,1991,rouge,cuirnoir,rouge,,,italie,cuirnoir,coupe,2,2,4.942cm³,boîtemanuelle
129900,03/1991,26500,390,testarossa,ferrari,1991,blanc,cuirnoir,blanc,,,unioneuropeenne,cuirnoir,coupe,2,2,4.943cm³,boîtemanuelle
129900,09/1991,48000,390,testarossa,ferrari,1991,jaune,cuirnoir,jaune,,,pays-bas,cuirnoir,coupe,2,2,4.943cm³,boîtemanuelle
133333,09/1991,53100,390,testarossa,ferrari,1991,noir,cuirnoir,noir,,,allemagne,cuirnoir,coupe,2,2,,boîtemanuelle
167000,10/1991,9201,396,testarossa,ferrari,1991,rouge,cuirnoir,rouge,,,,cuirnoir,coupe,2,,4.909cm³,boîtemanuelle
170000,01/1991,35000,390,testarossa,ferrari,1991,rouge,,rouge,,,,,coupe,2,2,4.942cm³,boîtemanuelle
1000000,03/1991,54000,479,f40,ferrari,1991,rouge,,rouge,,,,,coupe,,,,
1065000,07/1991,29900,479,f40,ferrari,1991,rouge,tissu,rouge,,rossofer300/9,italie,tissu,coupe,2,2,2.936cm³,boîtemanuelle
1230000,05/1991,22000,,f40,ferrari,1991,rouge,cuirbeige,rouge,,,unioneuropeenne,cuirbeige,coupe,2,2,,boîtemanuelle
1800000,07/1991,9700,479,f40,ferrari,1991,rouge,cuirrouge,rouge,,rosso-corsa,autriche,cuirrouge,coupe,2,2,4.870cm³,boîtemanuelle
2700000,07/1991,25000,400,288,ferrari,1991,rouge,cuirnoir,rouge,,rosso,,cuirnoir,coupe,2,2,,boîtemanuelle
115000,01/1992,59000,427,f512,ferrari,1992,rouge,cuirnoir,rouge,,,france,cuirnoir,coupe,2,2,4.942cm³,boîtemanuelle
145000,01/1992,47000,390,testarossa,ferrari,1992,rouge,noir,rouge,,rosso,,noir,coupe,2,2,4.942cm³,boîtemanuelle
1150000,01/1992,32000,479,f40,ferrari,1992,rouge,noir,rouge,,,,noir,coupe,2,2,2.936cm³,boîtemanuelle
1330000,08/1992,29008,,f40,ferrari,1992,rouge,,rouge,,rouge,,,coupe,2,2,2.936cm³,boîtemanuelle
45000,07/1992,70000,300,348,ferrari,1992,rouge,,rouge,,rouge,,,cabriolet,2,2,3.405cm³,boîtemanuelle
52000,02/1992,85000,295,348,ferrari,1992,rouge,,rouge,,,,,coupe,2,2,3.405cm³,boîtemanuelle
54000,07/1992,75000,299,mondial,ferrari,1992,bleu,,bleu,,,,,cabriolet,2,4,3.405cm³,boîtemanuelle
54900,08/1992,99356,302,348,ferrari,1992,rouge,cuirnoir,rouge,,rood,,cuirnoir,cabriolet,2,2,3.405cm³,boîtemanuelle
57500,07/1992,58345,300,348,ferrari,1992,rouge,cuirnoir,rouge,,rood,,cuirnoir,coupe,2,,3.405cm³,boîtemanuelle
58000,07/1992,40954,295,mondial,ferrari,1992,noir,cuirnoir,noir,metallise,,france,cuirnoir,cabriolet,2,4,3.405cm³,boîtemanuelle
58000,04/1992,54000,295,348,ferrari,1992,jaune,,jaune,,,,,coupe,2,2,3.405cm³,boîtemanuelle
58000,07/1992,40954,295,mondial,ferrari,1992,noir,cuirnoir,noir,metallise,,france,cuirnoir,cabriolet,2,4,3.405cm³,boîtemanuelle
58500,06/1992,89000,300,348,ferrari,1992,rouge,,rouge,metallise,,,,cabriolet,2,2,3.405cm³,boîtemanuelle
59000,05/1992,57000,295,348,ferrari,1992,rouge,cuirbeige,rouge,,,italie,cuirbeige,cabriolet,2,2,3.405cm³,boîtemanuelle
59500,05/1992,30398,295,348,ferrari,1992,rouge,cuirnoir,rouge,,,belgique,cuirnoir,coupe,2,2,3.400cm³,boîtemanuelle
59990,02/1992,19000,299,mondial,ferrari,1992,rouge,,rouge,metallise,rojo,,,cabriolet,2,4,3.405cm³,boîtemanuelle
64500,04/1992,46200,295,348,ferrari,1992,rouge,cuirbeige,rouge,,,italie,cuirbeige,coupe,2,2,3.405cm³,boîtemanuelle
65000,06/1992,96000,300,348,ferrari,1992,rouge,,rouge,,,,,citadine,,,,
65000,05/1992,39000,295,348,ferrari,1992,rouge,cuirnoir,rouge,,,autriche,cuirnoir,cabriolet,2,,3.405cm³,boîtemanuelle
65000,11/1992,72600,300,mondial,ferrari,1992,noir,cuirblanc,noir,metallise,neromet.,italie,cuirblanc,cabriolet,2,4,3.405cm³,boîtemanuelle
118500,10/1992,54500,430,512,ferrari,1992,rouge,cuirautres,rouge,metallise,rossocorsa,france,cuirautres,coupe,2,2,4.943cm³,boîtemanuelle
122500,01/1992,48012,,512,ferrari,1992,rouge,cuirnoir,rouge,,rood,,cuirnoir,coupe,2,,,boîtemanuelle
124900,12/1992,37000,,testarossa,ferrari,1992,rouge,,rouge,,rouge,,,,2,,,
143990,02/1992,37000,428,512,ferrari,1992,rouge,,rouge,,,italie,,coupe,2,2,4.942cm³,boîtemanuelle
145000,06/1992,44000,428,f512,ferrari,1992,rouge,noir,rouge,,,,noir,coupe,,,,
145000,10/1992,50000,428,512,ferrari,1992,rouge,cuir,rouge,,rot,,cuir,coupe,2,2,4.943cm³,boîtemanuelle
145000,10/1992,51226,428,512,ferrari,1992,rouge,cuirpartielnoir,rouge,,rossocorsaferraricod.300/,italie,cuirpartielnoir,coupe,,,4.943cm³,boîtemanuelle
148000,12/1992,81500,428,512,ferrari,1992,rouge,cuirnoir,rouge,uni,rosso,,cuirnoir,coupe,2,2,4.942cm³,boîtemanuelle
159000,08/1992,56520,428,512,ferrari,1992,bleu,cuirbeige,bleu,,bluchiaro(fer503/c),italie,cuirbeige,coupe,2,2,4.943cm³,boîtemanuelle
160000,09/1992,67000,428,512,ferrari,1992,rouge,cuir,rouge,,rossocorsa,,cuir,coupe,2,2,4.943cm³,boîtemanuelle
180000,04/1992,11800,428,512,ferrari,1992,rouge,cuirnoir,rouge,,,italie,cuirnoir,coupe,2,2,4.942cm³,boîtemanuelle
186990,06/1992,16826,428,512,ferrari,1992,rouge,cuirnoir,rouge,,rosso,allemagne,cuirnoir,coupe,2,2,4.963cm³,boîtemanuelle
198500,03/1992,21600,428,testarossa,ferrari,1992,rouge,cuirnoir,rouge,,rosso,,cuirnoir,coupe,,2,,boîteautomatique
200000,01/1992,42000,428,512,ferrari,1992,rouge,,rouge,uni,rosso,,,autres,,2,4.943cm³,boîtemanuelle
204999,06/1992,17000,428,512,ferrari,1992,blanc,cuirbeige,blanc,,biancoavus,allemagne,cuirbeige,coupe,2,2,4.942cm³,boîtemanuelle
225000,11/1992,19112,428,512,ferrari,1992,rouge,,rouge,,rossocorsa,,,coupe,2,,,boîtemanuelle
950000,07/1992,26000,479,f40,ferrari,1992,rouge,tissurouge,rouge,,,,tissurouge,coupe,,,,boîtemanuelle
979000,06/1992,29000,479,f40,ferrari,1992,rouge,tissurouge,rouge,,,,tissurouge,coupe,,,2.836cm³,boîtemanuelle
979000,06/1992,29000,479,f40,ferrari,1992,rouge,tissurouge,rouge,,,,tissurouge,coupe,,,2.936cm³,boîtemanuelle
1386350,04/1992,9834,479,f40,ferrari,1992,rouge,cuirnoir,rouge,,(rot)rossoferrari,,cuirnoir,coupe,2,2,2.936cm³,boîtemanuelle
55000,11/1993,89000,442,456,ferrari,1993,rouge,cuirbeige,rouge,,,france,cuirbeige,coupe,2,4,5.473cm³,boîtemanuelle
109500,09/1993,3800,320,348,ferrari,1993,rouge,cuirnoir,rouge,,,france,cuirnoir,cabriolet,2,2,3.405cm³,boîtemanuelle
52000,04/1993,43000,295,348,ferrari,1993,rouge,cuirbeige,rouge,,,,cuirbeige,coupe,2,2,3.405cm³,boîtemanuelle
53890,03/1993,129000,295,348,ferrari,1993,bleu,cuirbeige,bleu,metallise,,belgique,cuirbeige,cabriolet,2,2,3.400cm³,boîtemanuelle
56000,06/1993,45123,305,mondial,ferrari,1993,rouge,,rouge,,rouge,,,,2,,3.400cm³,boîtemanuelle
56900,11/1993,93346,295,348,ferrari,1993,rouge,cuirnoir,rouge,,,,cuirnoir,cabriolet,2,2,3.405cm³,boîtemanuelle
57000,08/1993,104000,320,348,ferrari,1993,rouge,cuirbeige,rouge,uni,,,cuirbeige,cabriolet,2,,3.400cm³,boîtemanuelle
57700,02/1993,74280,300,348,ferrari,1993,noir,,noir,,negro,,,cabriolet,2,,3.405cm³,boîtemanuelle
58000,06/1993,74500,300,348,ferrari,1993,rouge,,rouge,,,,,cabriolet,2,2,3.405cm³,boîtemanuelle
59999,06/1993,89000,300,348,ferrari,1993,noir,,noir,,,,,coupe,,,,
60000,07/1993,56000,300,,ferrari,1993,rouge,cuirblanc,rouge,,,italie,cuirblanc,coupe,2,2,,boîtemanuelle
68500,06/1993,23500,295,348,ferrari,1993,rouge,cuirnoir,rouge,,rot,,cuirnoir,coupe,2,2,3.405cm³,boîtemanuelle
74500,01/1993,72000,300,348,ferrari,1993,rouge,cuirbeige,rouge,uni,rosso,,cuirbeige,coupe,2,2,3.405cm³,boîtemanuelle
75000,04/1993,40500,295,348,ferrari,1993,rouge,cuirnoir,rouge,,rossocorsa,allemagne,cuirnoir,coupe,2,2,3.405cm³,boîtemanuelle
75900,11/1993,47428,390,testarossa,ferrari,1993,rouge,cuirbeige,rouge,,,unioneuropeenne,cuirbeige,coupe,2,2,4.943cm³,boîtemanuelle
90000,01/1993,45000,320,348,ferrari,1993,blanc,,blanc,,,,,cabriolet,2,2,3.405cm³,boîtemanuelle
94380,06/1993,34705,390,testarossa,ferrari,1993,rouge,cuirnoir,rouge,,rood,japon,cuirnoir,coupe,2,,4.942cm³,boîtemanuelle
97500,06/1993,91070,470,testarossa,ferrari,1993,rouge,cuirautres,rouge,,rossocorsa,,cuirautres,coupe,2,2,4.943cm³,boîtemanuelle
97500,06/1993,91070,470,512,ferrari,1993,rouge,cuirautres,rouge,,rossocorsa,,cuirautres,coupe,2,2,4.943cm³,boîtemanuelle
111000,12/1993,70000,381,512,ferrari,1993,rouge,,rouge,,,,,autres,,,4.943cm³,
119000,12/1993,38000,428,512,ferrari,1993,rouge,cuirnoir,rouge,,rossocorsa,italie,cuirnoir,coupe,2,2,4.942cm³,boîtemanuelle
129890,04/1993,91300,428,512,ferrari,1993,rouge,autresautres,rouge,,rot-rossocorsa,allemagne,autresautres,coupe,2,,4.943cm³,boîtemanuelle
134900,07/1993,59645,,512,ferrari,1993,rouge,,rouge,,rouge,,,,2,,,boîtemanuelle
135000,05/1993,62000,428,512,ferrari,1993,rouge,,rouge,,,,,coupe,,,4.943cm³,boîtemanuelle
155000,03/1993,68000,428,512,ferrari,1993,rouge,cuirbeige,rouge,,,,cuirbeige,coupe,2,2,4.942cm³,boîtemanuelle
155000,01/1993,22000,428,512,ferrari,1993,rouge,,rouge,,rouge,,,coupe,2,2,4.943cm³,boîtemanuelle
160000,05/1993,14800,436,512,ferrari,1993,rouge,,rouge,,rouge,,,,2,,4.943cm³,boîtemanuelle
189000,07/1993,50050,428,512,ferrari,1993,rouge,cuirnoir,rouge,,rossocorsa,,cuirnoir,coupe,2,2,4.943cm³,boîtemanuelle
209900,03/1993,12510,428,512,ferrari,1993,rouge,,rouge,,,,,coupe,2,2,4.943cm³,boîtemanuelle
279000,04/1993,,428,512,ferrari,1993,rouge,cuirnoir,rouge,,rosso,,cuirnoir,coupe,2,2,4.943cm³,boîtemanuelle
68850,01/1994,61256,300,348,ferrari,1994,rouge,cuirbeige,rouge,,,,cuirbeige,cabriolet,2,2,3.405cm³,boîtemanuelle
68900,11/1994,93726,379,f355,ferrari,1994,rouge,,rouge,,rougebeige,,,coupe,2,2,3.496cm³,boîtemanuelle
77900,07/1994,66697,320,348,ferrari,1994,rouge,cuirbeige,rouge,,rosso,,cuirbeige,cabriolet,2,2,3.405cm³,boîtemanuelle
67000,02/1994,42000,320,348,ferrari,1994,rouge,cuirnoir,rouge,metallise,,belgique,cuirnoir,coupe,2,2,3.405cm³,boîtemanuelle
48000,09/1994,90123,300,348,ferrari,1994,rouge,,rouge,metallise,,,,coupe,,,,
53000,06/1994,98000,300,348,ferrari,1994,rouge,,rouge,metallise,rojo,,,coupe,2,2,3.405cm³,boîtemanuelle
54980,04/1994,59860,300,mondial,ferrari,1994,rouge,cuirnoir,rouge,,rossocorsa,allemagne,cuirnoir,cabriolet,2,4,3.405cm³,semi-automatique
57900,02/1994,85000,442,456,ferrari,1994,argent,,argent,,silver,,,,2,4,,boîtemanuelle
57900,08/1994,87000,442,456,ferrari,1994,noir,cuirbeige,noir,metallise,nero,,cuirbeige,coupe,2,4,5.474cm³,boîtemanuelle
59000,11/1994,75541,442,456,ferrari,1994,gris,cuirnoir,gris,,,italie,cuirnoir,berline,2,4,,boîtemanuelle
62000,01/1994,69887,442,456,ferrari,1994,argent,,argent,metallise,argentonurburgring,,,coupe,2,4,5.474cm³,boîtemanuelle
62500,09/1994,68689,442,456,ferrari,1994,gris,cuirbeige,gris,metallise,cannadifucile,,cuirbeige,coupe,2,2,5.474cm³,boîtemanuelle
64000,04/1994,48500,442,456,ferrari,1994,argent,,argent,metallise,,,,coupe,2,4,5.474cm³,boîtemanuelle
64000,10/1994,89985,320,348,ferrari,1994,rouge,cuirnoir,rouge,metallise,,allemagne,cuirnoir,cabriolet,2,2,3.405cm³,boîtemanuelle
65000,07/1994,50000,387,f355,ferrari,1994,rouge,,rouge,,,,,,,,,
65000,07/1994,88400,442,456,ferrari,1994,bleu,cuirpartielbleu,bleu,metallise,,,cuirpartielbleu,coupe,2,4,5.474cm³,boîtemanuelle
65000,06/1994,74500,442,456,ferrari,1994,gris,cuirnoir,gris,metallise,,,cuirnoir,coupe,2,4,5.474cm³,boîtemanuelle
69500,04/1994,43000,442,456,ferrari,1994,noir,,noir,,zwart,,,coupe,2,4,5.474cm³,boîtemanuelle
75000,08/1994,83240,320,348,ferrari,1994,jaune,,jaune,metallise,,,,cabriolet,,,,
79899,09/1994,42946,295,348,ferrari,1994,noir,cuirgris,noir,,nero,allemagne,cuirgris,coupe,2,2,3.404cm³,boîtemanuelle
79900,10/1994,58672,,348,ferrari,1994,rouge,,rouge,,rougerossocorsa,,,cabriolet,2,,3.405cm³,
80000,10/1994,70000,379,f355,ferrari,1994,rouge,cuirnoir,rouge,,,,cuirnoir,coupe,2,2,3.496cm³,boîtemanuelle
84950,06/1994,26380,442,456,ferrari,1994,bleu,cuirbeige,bleu,metallise,bluswaters(blauwmetall,,cuirbeige,coupe,2,4,5.474cm³,boîtemanuelle
86900,01/1994,79900,442,456,ferrari,1994,bleu,autres,bleu,metallise,blueswaters,allemagne,autres,coupe,2,4,5.474cm³,boîtemanuelle
87900,04/1994,48000,320,348,ferrari,1994,jaune,cuirnoir,jaune,,giallomodena,italie,cuirnoir,cabriolet,2,2,3.405cm³,boîtemanuelle
89000,03/1994,59597,320,348,ferrari,1994,rouge,cuirnoir,rouge,,rossocorsa,allemagne,cuirnoir,cabriolet,2,2,3.405cm³,boîtemanuelle
89500,06/1994,41000,295,348,ferrari,1994,rouge,cuirnoir,rouge,,,,cuirnoir,cabriolet,2,2,3.405cm³,boîtemanuelle
89990,01/1994,27808,320,348,ferrari,1994,jaune,cuirbleu,jaune,,,italie,cuirbleu,cabriolet,2,2,3.405cm³,boîtemanuelle
89990,10/1994,58350,381,f355,ferrari,1994,rouge,cuirnoir,rouge,,,,cuirnoir,cabriolet,2,,3.496cm³,boîtemanuelle
91990,12/1994,82613,320,348,ferrari,1994,rouge,cuirbrun,rouge,,rossocorsa,,cuirbrun,cabriolet,2,2,3.405cm³,boîtemanuelle
92000,07/1994,43000,381,f355,ferrari,1994,rouge,cuirnoir,rouge,metallise,,,cuirnoir,coupe,2,2,3.496cm³,boîtemanuelle
94000,01/1994,15800,320,348,ferrari,1994,rouge,cuirbeige,rouge,,,,cuirbeige,cabriolet,2,2,3.405cm³,boîtemanuelle
100000,04/1994,17000,320,348,ferrari,1994,rouge,,rouge,,,,,autres,2,2,3.405cm³,boîtemanuelle
110000,06/1994,101000,428,512,ferrari,1994,rouge,cuirnoir,rouge,,,italie,cuirnoir,coupe,3,2,4.943cm³,boîtemanuelle
137990,03/1994,4000,428,512,ferrari,1994,rouge,cuir,rouge,metallise,rossocorsa,,cuir,coupe,2,2,4.943cm³,boîtemanuelle
139500,03/1994,31000,428,512,ferrari,1994,blanc,cuirnoir,blanc,,,,cuirnoir,coupe,3,2,4.943cm³,boîtemanuelle
139500,03/1994,31000,428,512,ferrari,1994,blanc,cuirnoir,blanc,,,belgique,cuirnoir,coupe,3,2,4.943cm³,boîtemanuelle
139999,03/1994,34000,320,348,ferrari,1994,rouge,cuirnoir,rouge,,rotuni(2schicht),allemagne,cuirnoir,cabriolet,2,2,3.405cm³,boîtemanuelle
159500,04/1994,14287,430,512,ferrari,1994,jaune,cuir,jaune,,geel,,cuir,coupe,2,,4.943cm³,boîtemanuelle
160000,12/1994,39611,441,512,ferrari,1994,noir,cuirrouge,noir,,nero,,cuirrouge,coupe,2,2,4.942cm³,boîtemanuelle
189950,10/1994,66650,446,512,ferrari,1994,rouge,,rouge,,,,,coupe,,,,
250000,08/1994,,379,f355,ferrari,1994,rouge,cuirnoir,rouge,uni,rosso,,cuirnoir,coupe,2,2,3.496cm³,boîtemanuelle
270000,06/1994,67000,428,512,ferrari,1994,rouge,cuirnoir,rouge,,,italie,cuirnoir,coupe,2,2,4.942cm³,boîtemanuelle
70000,01/1995,57000,381,f355,ferrari,1995,rouge,,rouge,metallise,,,,autres,2,2,3.496cm³,boîtemanuelle
59900,01/1995,29000,442,456,ferrari,1995,bleu,cuirbeige,bleu,metallise,,,cuirbeige,coupe,2,4,5.474cm³,boîtemanuelle
49000,08/1995,80000,442,456,ferrari,1995,noir,cuirrouge,noir,,,,cuirrouge,coupe,2,4,5.473cm³,boîtemanuelle
49000,08/1995,80000,442,456,ferrari,1995,noir,cuirrouge,noir,metallise,,belgique,cuirrouge,coupe,2,4,5.473cm³,boîtemanuelle
55500,06/1995,87000,442,456,ferrari,1995,noir,cuirnoir,noir,metallise,,,cuirnoir,coupe,2,4,5.474cm³,boîtemanuelle
59500,10/1995,86299,442,456,ferrari,1995,bleu,cuirbleu,bleu,metallise,blu,,cuirbleu,coupe,2,4,5.474cm³,boîtemanuelle
59980,01/1995,63000,320,348,ferrari,1995,noir,noir,noir,,zwart,,noir,cabriolet,2,2,3.405cm³,boîtemanuelle
62500,05/1995,110000,442,456,ferrari,1995,vert,autresvert,vert,metallise,,,autresvert,coupe,2,4,5.474cm³,boîtemanuelle
64900,07/1995,99000,381,f355,ferrari,1995,argent,cuirnoir,argent,metallise,,italie,cuirnoir,cabriolet,3,2,3.496cm³,boîtemanuelle
66950,01/1995,53500,381,f355,ferrari,1995,argent,cuirnoir,argent,metallise,,,cuirnoir,coupe,2,2,3.496cm³,boîtemanuelle
69000,08/1995,85000,381,f355,ferrari,1995,rouge,,rouge,,,,,coupe,2,2,3.496cm³,boîtemanuelle
69999,06/1995,81500,381,f355,ferrari,1995,rouge,cuirnoir,rouge,,rossocorsa,allemagne,cuirnoir,coupe,2,2,3.496cm³,boîtemanuelle
74997,09/1995,68000,381,f355,ferrari,1995,rouge,cuirnoir,rouge,,corsarossa,belgique,cuirnoir,cabriolet,2,2,3.496cm³,boîtemanuelle
75000,05/1995,59000,442,456,ferrari,1995,vert,cuirbeige,vert,,silverstone,italie,cuirbeige,coupe,2,4,5.474cm³,boîtemanuelle
75900,04/1995,52000,320,348,ferrari,1995,rouge,cuirnoir,rouge,,,,cuirnoir,cabriolet,2,2,3.405cm³,boîtemanuelle
78900,12/1995,50000,381,f355,ferrari,1995,rouge,,rouge,,,,,coupe,2,2,3.496cm³,boîtemanuelle
79000,06/1995,80958,381,f355,ferrari,1995,rouge,cuirnoir,rouge,,,belgique,cuirnoir,cabriolet,2,2,3.496cm³,boîtemanuelle
79900,11/1995,85000,,f355,ferrari,1995,,,,,extracampionario-notstandard,,,coupe,2,,3.496cm³,boîtemanuelle
79950,07/1995,67100,381,f355,ferrari,1995,noir,cuirnoir,noir,,nerofer1240,belgique,cuirnoir,cabriolet,2,2,3.496cm³,boîtemanuelle
79995,07/1995,13798,300,348,ferrari,1995,rouge,cuirbeige,rouge,,rossocorsa,,cuirbeige,coupe,2,2,3.402cm³,boîteautomatique
80000,04/1995,67500,381,f355,ferrari,1995,jaune,,jaune,,,,,autres,2,2,3.496cm³,boîtemanuelle
82000,02/1995,63050,320,348,ferrari,1995,rouge,cuirnoir,rouge,,rossocorsa,,cuirnoir,coupe,2,2,3.400cm³,boîtemanuelle
84890,04/1995,33645,320,348,ferrari,1995,rouge,cuirnoir,rouge,,rot,allemagne,cuirnoir,cabriolet,2,2,3.405cm³,boîtemanuelle
86000,04/1995,36900,381,f355,ferrari,1995,jaune,cuirnoir,jaune,,giallo,italie,cuirnoir,autres,2,2,3.496cm³,boîtemanuelle
89000,06/1995,53214,381,f355,ferrari,1995,rouge,cuirnoir,rouge,metallise,rossocorsa,italie,cuirnoir,autres,2,2,3.496cm³,boîtemanuelle
89000,09/1995,54800,381,f355,ferrari,1995,jaune,cuirnoir,jaune,,,italie,cuirnoir,cabriolet,3,2,3.496cm³,boîtemanuelle
89900,08/1995,68000,379,f355,ferrari,1995,jaune,,jaune,,,,,coupe,2,2,3.496cm³,boîtemanuelle
89999,09/1995,24500,381,f355,ferrari,1995,rouge,cuirbeige,rouge,,rossocorsa,espagne,cuirbeige,coupe,2,2,3.496cm³,boîtemanuelle
90000,05/1995,36000,381,f355,ferrari,1995,rouge,cuirnoir,rouge,,rosso,,cuirnoir,coupe,2,2,3.496cm³,boîtemanuelle
92000,01/1995,76100,381,f355,ferrari,1995,rouge,cuirnoir,rouge,,rossocorsa,,cuirnoir,coupe,,,3.496cm³,boîtemanuelle
99000,02/1995,79984,386,f355,ferrari,1995,jaune,,jaune,,jaune,,,cabriolet,2,,3.496cm³,boîtemanuelle
102000,07/1995,19965,379,f355,ferrari,1995,rouge,alcantaranoir,rouge,,,,alcantaranoir,coupe,2,2,3.496cm³,boîtemanuelle
109000,06/1995,41998,381,f355,ferrari,1995,jaune,cuirnoir,jaune,,giallo,autriche,cuirnoir,coupe,2,2,3.496cm³,boîtemanuelle
145000,01/1995,47300,381,f355,ferrari,1995,rouge,cuir,rouge,,,,cuir,coupe,2,2,3.496cm³,boîtemanuelle
155000,01/1995,16400,381,f355,ferrari,1995,rouge,,rouge,,,,,coupe,2,2,3.496cm³,boîtemanuelle
169900,01/1995,39030,381,f355,ferrari,1995,jaune,alcantaranoir,jaune,,amarillo,espagne,alcantaranoir,coupe,2,2,3.496cm³,boîtemanuelle
199000,04/1995,50970,441,512,ferrari,1995,rouge,cuirnoir,rouge,,rossocorsa,unioneuropeenne,cuirnoir,coupe,2,2,4.943cm³,boîtemanuelle
229000,02/1995,22620,441,512,ferrari,1995,rouge,cuirnoir,rouge,,,allemagne,cuirnoir,coupe,2,2,4.943cm³,boîtemanuelle
249900,01/1995,39000,441,512,ferrari,1995,rouge,cuirnoir,rouge,,rojo,espagne,cuirnoir,coupe,2,2,4.942cm³,boîtemanuelle
249999,01/1995,84300,441,512,ferrari,1995,rouge,cuirnoir,rouge,,rossocorsa,espagne,cuirnoir,coupe,2,2,4.942cm³,boîtemanuelle
72990,04/1996,87500,,f355,ferrari,1996,,,,,,,,cabriolet,2,,,
87000,12/1996,40100,381,f355,ferrari,1996,jaune,,jaune,uni,giallo,,,cabriolet,2,2,3.496cm³,boîtemanuelle
1800000,10/1996,15000,,f50,ferrari,1996,rouge,cuirnoir,rouge,,,italie,cuirnoir,coupe,2,2,,semi-automatique
46000,02/1996,68000,300,mondial,ferrari,1996,rouge,cuirnoir,rouge,,,,cuirnoir,,2,4,3.405cm³,boîtemanuelle
48000,02/1996,68000,300,mondial,ferrari,1996,rouge,,rouge,,,,,coupe,,,,
48800,01/1996,42272,442,456,ferrari,1996,bleu,cuirbeige,bleu,,blauw,,cuirbeige,coupe,2,4,5.474cm³,boîtemanuelle
59800,04/1996,82000,442,456,ferrari,1996,bleu,cuir,bleu,,blau,autriche,cuir,coupe,2,4,5.474cm³,boîtemanuelle
60900,08/1996,96700,442,456,ferrari,1996,bleu,cuirbeige,bleu,,,,cuirbeige,coupe,2,,5.474cm³,boîteautomatique
61700,01/1996,57176,442,456,ferrari,1996,bleu,cuirbeige,bleu,metallise,lemansblue,unioneuropeenne,cuirbeige,coupe,2,,5.474cm³,boîtemanuelle
65000,01/1996,75300,442,456,ferrari,1996,noir,cuirnoir,noir,,,italie,cuirnoir,coupe,3,4,5.474cm³,boîtemanuelle
66900,10/1996,63000,442,456,ferrari,1996,vert,cuirbeige,vert,metallise,verde,,cuirbeige,coupe,2,4,5.474cm³,boîtemanuelle
67355,01/1996,82900,381,f355,ferrari,1996,rouge,cuirnoir,rouge,,rossocorsa,,cuirnoir,coupe,2,2,3.496cm³,boîtemanuelle
67355,01/1996,82900,381,f355,ferrari,1996,rouge,cuirnoir,rouge,,rossocorsa,belgique,cuirnoir,coupe,2,2,3.496cm³,boîtemanuelle
68000,06/1996,83000,381,f355,ferrari,1996,rouge,cuirnoir,rouge,,,,cuirnoir,coupe,2,2,3.496cm³,boîtemanuelle
69500,08/1996,65982,381,f355,ferrari,1996,rouge,noir,rouge,,,,noir,,2,,3.495cm³,boîtemanuelle
69900,04/1996,67578,379,f355,ferrari,1996,bleu,cuirbeige,bleu,uni,blu,,cuirbeige,cabriolet,2,2,3.496cm³,boîtemanuelle
69900,10/1996,49080,381,f355,ferrari,1996,noir,cuirbeige,noir,metallise,negro,espagne,cuirbeige,cabriolet,2,2,3.496cm³,boîtemanuelle
72000,07/1996,35000,442,456,ferrari,1996,bleu,,bleu,,,,,coupe,2,4,5.474cm³,boîtemanuelle
72500,09/1996,66388,381,f355,ferrari,1996,rouge,cuirnoir,rouge,,rossocorsa,,cuirnoir,coupe,2,2,3.496cm³,boîtemanuelle
74900,02/1996,73900,379,f355,ferrari,1996,jaune,cuirnoir,jaune,,giallomodena,france,cuirnoir,coupe,2,2,3.496cm³,boîtemanuelle
74999,01/1996,87000,381,f355,ferrari,1996,rouge,cuirnoir,rouge,,rosso,allemagne,cuirnoir,cabriolet,2,2,3.496cm³,boîtemanuelle
75000,04/1996,63000,379,f355,ferrari,1996,rouge,,rouge,,,,,,,,,
75000,03/1996,77000,381,f355,ferrari,1996,rouge,,rouge,,,,,coupe,2,2,3.496cm³,boîtemanuelle
75900,04/1996,83763,381,f355,ferrari,1996,jaune,cuirnoir,jaune,,giallomodena,italie,cuirnoir,cabriolet,2,2,3.496cm³,boîtemanuelle
78000,01/1996,46000,381,f355,ferrari,1996,rouge,,rouge,uni,rosso,italie,,autres,2,2,3.496cm³,boîtemanuelle
79800,11/1996,50591,381,f355,ferrari,1996,rouge,cuirnoir,rouge,,,italie,cuirnoir,cabriolet,2,2,3.496cm³,boîtemanuelle
79900,06/1996,63000,381,f355,ferrari,1996,rouge,cuirbrun,rouge,,,,cuirbrun,coupe,2,2,3.496cm³,boîtemanuelle
79950,11/1996,61488,485,550,ferrari,1996,gris,cuir,gris,metallise,grigiotitanio(grijsmet,belgique,cuir,coupe,2,2,5.474cm³,boîtemanuelle
84900,05/1996,93486,381,f355,ferrari,1996,rouge,,rouge,,rossocorsa,allemagne,,cabriolet,2,2,3.496cm³,boîtemanuelle
85000,07/1996,47580,381,f355,ferrari,1996,rouge,,rouge,,,,,autres,2,2,3.496cm³,boîtemanuelle
85000,01/1996,50000,381,f355,ferrari,1996,rouge,cuirnoir,rouge,,,italie,cuirnoir,cabriolet,2,2,3.496cm³,boîtemanuelle
85900,06/1996,32700,485,550,ferrari,1996,rouge,cuirnoir,rouge,,,,cuirnoir,coupe,2,2,5.474cm³,boîtemanuelle
85900,06/1996,32700,485,550,ferrari,1996,rouge,cuirnoir,rouge,,,,cuirnoir,coupe,2,2,5.474cm³,boîtemanuelle
87900,04/1996,70900,381,f355,ferrari,1996,rouge,cuirnoir,rouge,,rossocorsa,,cuirnoir,autres,2,2,3.495cm³,boîtemanuelle
89900,04/1996,65000,485,550,ferrari,1996,rouge,cuirnoir,rouge,,rossocorsa,,cuirnoir,coupe,2,2,5.475cm³,boîtemanuelle
90000,09/1996,40000,381,f355,ferrari,1996,vert,cuirbrun,vert,metallise,verdesilverstone,belgique,cuirbrun,coupe,2,2,3.496cm³,boîtemanuelle
95000,06/1996,69500,379,f355,ferrari,1996,jaune,cuirnoir,jaune,,,,cuirnoir,cabriolet,2,2,3.496cm³,boîtemanuelle
97000,08/1996,18778,381,f355,ferrari,1996,rouge,cuirnoir,rouge,,,italie,cuirnoir,cabriolet,2,2,3.496cm³,boîtemanuelle
99500,09/1996,24500,381,f355,ferrari,1996,rouge,autres,rouge,,rossocorsa,,autres,cabriolet,,2,3.496cm³,boîtemanuelle
100000,11/1996,50000,485,550,ferrari,1996,rouge,cuirnoir,rouge,,,autriche,cuirnoir,coupe,2,2,5.474cm³,boîtemanuelle
105500,06/1996,33900,379,f355,ferrari,1996,rouge,cuirbeige,rouge,,rosso-corsa,autriche,cuirbeige,cabriolet,2,2,,boîtemanuelle
112500,04/1996,31800,379,f355,ferrari,1996,noir,cuirnoir,noir,,,,cuirnoir,cabriolet,3,2,3.493cm³,boîtemanuelle
129500,12/1996,18377,485,550,ferrari,1996,rouge,cuir,rouge,,,,cuir,coupe,2,2,5.474cm³,boîtemanuelle
149900,01/1996,95000,428,512,ferrari,1996,bleu,cuirbeige,bleu,,bluscuro,suisse,cuirbeige,coupe,2,2,,boîtemanuelle
165000,09/1996,16150,381,f355,ferrari,1996,noir,cuirnoir,noir,,rossoferrari,italie,cuirnoir,coupe,2,2,3.496cm³,boîtemanuelle
198500,05/1996,69000,441,f512,ferrari,1996,rouge,cuirnoir,rouge,,,,cuirnoir,,2,2,,boîtemanuelle
219000,06/1996,27000,441,512,ferrari,1996,rouge,,rouge,,rojo,,,coupe,2,2,4.942cm³,boîtemanuelle
221800,03/1996,78600,441,512,ferrari,1996,rouge,cuirnoir,rouge,,rossocorsa,,cuirnoir,coupe,2,2,4.943cm³,boîtemanuelle
250000,09/1996,41726,492,512,ferrari,1996,rouge,,rouge,,rougerossocorsa,,,,2,,5.474cm³,boîtemanuelle
255000,03/1996,7500,442,f512,ferrari,1996,rouge,noir,rouge,,,,noir,,,,,
1595000,11/1996,5900,519,f50,ferrari,1996,rouge,,rouge,,rossocorsa,,,cabriolet,2,,,boîtemanuelle
1900000,06/1996,19000,519,f50,ferrari,1996,rouge,,rouge,,rood,,,cabriolet,2,,4.698cm³,boîtemanuelle
52900,05/1997,49000,442,456,ferrari,1997,noir,cuirnoir,noir,metallise,,italie,cuirnoir,coupe,3,4,5.474cm³,boîtemanuelle
58888,03/1997,72422,442,456,ferrari,1997,gris,cuirnoir,gris,metallise,grijs,,cuirnoir,coupe,2,4,5.474cm³,boîteautomatique
59900,01/1997,53416,442,456,ferrari,1997,noir,cuirnoir,noir,,,,cuirnoir,coupe,2,4,,boîteautomatique
62950,08/1997,44220,381,f355,ferrari,1997,rouge,cuirnoir,rouge,,rossocorsa,pays-bas,cuirnoir,cabriolet,2,2,3.496cm³,boîtemanuelle
62999,10/1997,52400,300,348,ferrari,1997,rouge,cuirnoir,rouge,,rossocorsa,allemagne,cuirnoir,cabriolet,2,2,3.405cm³,boîtemanuelle
63500,10/1997,62000,381,f355,ferrari,1997,rouge,,rouge,,,,,coupe,2,2,3.496cm³,boîtemanuelle
64500,06/1997,82210,381,f355,ferrari,1997,bleu,cuirnoir,bleu,,blupozzi,,cuirnoir,cabriolet,2,2,3.496cm³,boîtemanuelle
64500,08/1997,46210,442,456,ferrari,1997,noir,cuirnoir,noir,,zwart,,cuirnoir,coupe,2,4,5.474cm³,boîtemanuelle
65000,03/1997,86500,381,f355,ferrari,1997,argent,cuirbleu,argent,metallise,,,cuirbleu,cabriolet,2,2,3.496cm³,boîtemanuelle
65000,04/1997,58000,381,f355,ferrari,1997,rouge,cuirnoir,rouge,,,,cuirnoir,cabriolet,2,2,3.496cm³,boîtemanuelle
68000,05/1997,40600,442,456,ferrari,1997,blanc,cuirrouge,blanc,,biancofer100,italie,cuirrouge,coupe,2,4,5.474cm³,boîtemanuelle
69355,07/1997,67100,381,f355,ferrari,1997,or,,or,,giallo,,,cabriolet,2,2,3.496cm³,
69900,03/1997,56000,442,456,ferrari,1997,argent,cuirnoir,argent,metallise,,,cuirnoir,coupe,2,4,,boîteautomatique
69995,06/1997,58000,381,f355,ferrari,1997,rouge,cuirnoir,rouge,metallise,rossocorsa,espagne,cuirnoir,coupe,2,2,3.496cm³,boîtemanuelle
70000,10/1997,60000,381,f355,ferrari,1997,jaune,cuirnoir,jaune,,,italie,cuirnoir,coupe,2,2,3.496cm³,semi-automatique
70550,04/1997,88900,485,550,ferrari,1997,jaune,cuirnoir,jaune,,,,cuirnoir,coupe,2,2,5.474cm³,boîtemanuelle
72900,06/1997,35500,381,f355,ferrari,1997,rouge,cuirnoir,rouge,,rossocorsa,italie,cuirnoir,coupe,2,,3.496cm³,boîtemanuelle
74980,07/1997,80240,381,f355,ferrari,1997,rouge,cuirbeige,rouge,,,,cuirbeige,coupe,2,2,3.496cm³,boîtemanuelle
75000,08/1997,90000,381,f355,ferrari,1997,rouge,,rouge,,,,,cabriolet,2,2,3.496cm³,boîtemanuelle
75985,11/1997,57800,381,f355,ferrari,1997,rouge,cuirnoir,rouge,,rossocorsa,,cuirnoir,coupe,2,2,3.496cm³,boîteautomatique
75985,11/1997,57800,381,f355,ferrari,1997,rouge,cuirnoir,rouge,,rossocorsa,belgique,cuirnoir,coupe,2,2,3.496cm³,boîteautomatique
76950,05/1997,65602,381,f355,ferrari,1997,rouge,cuirpartielnoir,rouge,,rossocorsa,danemark,cuirpartielnoir,coupe,2,2,3.496cm³,boîtemanuelle
77000,06/1997,72000,381,f355,ferrari,1997,bleu,cuirrouge,bleu,,,italie,cuirrouge,coupe,2,2,,boîtemanuelle
77900,01/1997,35535,485,550,ferrari,1997,rouge,cuirnoir,rouge,,,allemagne,cuirnoir,coupe,2,2,5.474cm³,boîtemanuelle
79000,10/1997,16200,381,f355,ferrari,1997,jaune,cuirnoir,jaune,,,,cuirnoir,coupe,2,2,3.496cm³,boîteautomatique
79900,08/1997,91041,449,456,ferrari,1997,gris,,gris,,grisclairmetal,,,,2,,5.474cm³,boîtemanuelle
79990,05/1997,66000,381,f355,ferrari,1997,bleu,cuirbeige,bleu,metallise,,italie,cuirbeige,cabriolet,2,2,3.496cm³,boîtemanuelle
79990,04/1997,69000,381,f355,ferrari,1997,argent,cuirbleu,argent,metallise,,,cuirbleu,cabriolet,2,2,,boîtemanuelle
81900,10/1997,43000,442,456,ferrari,1997,bleu,cuirbeige,bleu,metallise,,,cuirbeige,coupe,2,4,5.474cm³,
83900,05/1997,38265,484,550,ferrari,1997,gris,cuirnoir,gris,metallise,grau,,cuirnoir,coupe,2,4,5.474cm³,boîtemanuelle
84000,07/1997,54000,381,f355,ferrari,1997,rouge,,rouge,,,,,cabriolet,2,2,3.496cm³,boîtemanuelle
84490,07/1997,53000,381,f355,ferrari,1997,rouge,cuirnoir,rouge,,rossocorsa,,cuirnoir,cabriolet,2,2,3.496cm³,boîtemanuelle
84900,01/1997,66900,485,550,ferrari,1997,gris,cuirnoir,gris,,,,cuirnoir,coupe,2,2,5.474cm³,boîtemanuelle
84900,01/1997,66900,485,550,ferrari,1997,gris,cuirnoir,gris,metallise,,,cuirnoir,coupe,2,2,5.474cm³,boîtemanuelle
84900,05/1997,66000,381,f355,ferrari,1997,bleu,beige,bleu,metallise,blusweaters,italie,beige,cabriolet,2,2,3.496cm³,boîtemanuelle
85000,12/1997,59397,381,f355,ferrari,1997,rouge,,rouge,,,,,coupe,2,2,3.496cm³,boîtemanuelle
85000,04/1997,53500,381,f355,ferrari,1997,rouge,,rouge,,,,,cabriolet,,,3.495cm³,
87000,03/1997,96000,485,550,ferrari,1997,gris,cuirrouge,gris,metallise,grigioscuro,,cuirrouge,coupe,2,2,5.474cm³,boîtemanuelle
87000,07/1997,74000,379,f355,ferrari,1997,rouge,cuirnoir,rouge,uni,rosso,,cuirnoir,cabriolet,2,2,3.496cm³,boîtemanuelle
88000,10/1997,68000,381,f355,ferrari,1997,jaune,,jaune,,,,,coupe,2,2,3.496cm³,semi-automatique
89000,06/1997,77000,381,f355,ferrari,1997,blanc,cuirrouge,blanc,metallise,,italie,cuirrouge,coupe,2,2,3.500cm³,boîtemanuelle
89900,09/1997,13150,442,456,ferrari,1997,gris,cuirautres,gris,metallise,anthrazit,,cuirautres,coupe,2,,5.474cm³,boîteautomatique
94900,07/1997,52000,379,f355,ferrari,1997,jaune,cuirbleu,jaune,,,,cuirbleu,cabriolet,2,2,3.496cm³,boîtemanuelle
100000,06/1997,28700,381,f355,ferrari,1997,rouge,cuirbeige,rouge,,,italie,cuirbeige,cabriolet,3,2,3.496cm³,boîtemanuelle
100000,06/1997,28700,381,f355,ferrari,1997,rouge,cuirbeige,rouge,,,italie,cuirbeige,cabriolet,3,2,3.496cm³,boîtemanuelle
105000,09/1997,59000,485,550,ferrari,1997,rouge,cuirnoir,rouge,,rossocorsa,belgique,cuirnoir,coupe,2,2,5.474cm³,boîtemanuelle
108000,09/1997,59000,381,f355,ferrari,1997,noir,,noir,,,,,coupe,2,2,3.496cm³,boîtemanuelle
108900,07/1997,43000,379,f355,ferrari,1997,rouge,cuirnoir,rouge,,corsarosso,,cuirnoir,cabriolet,3,2,3.493cm³,boîtemanuelle
114950,02/1997,72900,485,550,ferrari,1997,vert,cuirbeige,vert,,,,cuirbeige,coupe,2,2,5.474cm³,boîtemanuelle
140000,09/1997,43000,485,550,ferrari,1997,bleu,cuirbrun,bleu,metallise,,,cuirbrun,coupe,2,2,5.474cm³,boîtemanuelle
150000,10/1997,34200,485,550,ferrari,1997,gris,cuirrouge,gris,metallise,titan-metalik,autriche,cuirrouge,coupe,2,2,5.474cm³,boîtemanuelle
155000,03/1997,39000,485,550,ferrari,1997,gris,cuirpartielnoir,gris,metallise,,italie,cuirpartielnoir,coupe,2,2,5.474cm³,boîtemanuelle
160000,12/1997,15000,485,550,ferrari,1997,rouge,,rouge,,,,,coupe,2,2,5.474cm³,boîtemanuelle
1790000,04/1997,30000,519,f50,ferrari,1997,jaune,cuirpartielnoir,jaune,,,italie,cuirpartielnoir,coupe,2,2,4.699cm³,boîtemanuelle
2200000,07/1997,13500,519,f50,ferrari,1997,rouge,autresnoir,rouge,,rossocorsa,allemagne,autresnoir,cabriolet,2,2,4.699cm³,boîtemanuelle
